{
  "products": [
    {
      "name": "Darth Vader",
      "price": "50",
      "image": "https://http2.mlstatic.com/D_NQ_NP_975969-MLA46467090682_062021-O.webp",
      "id": 1
    },
    {
      "name": "Flash",
      "price": "25",
      "image": "https://http2.mlstatic.com/D_NQ_NP_643523-MLA49180554005_022022-O.webp",
      "id": 2
    },
    {
      "name": "Batman",
      "price": "35",
      "image": "https://http2.mlstatic.com/D_NQ_NP_640262-MCO47330060660_092021-O.webp",
      "id": 3
    },
    {
      "name": "Hulk",
      "price": "45",
      "image": "https://m.media-amazon.com/images/I/516X0YLRV+L._AC_SY879_.jpg",
      "id": 5
    },
    {
      "name": "Spider Man",
      "price": "20",
      "image": "https://http2.mlstatic.com/D_NQ_NP_620343-MLA45333647274_032021-O.webp",
      "id": 6
    },
    {
      "name": "Capitán América",
      "price": "50",
      "image": "https://m.media-amazon.com/images/I/51aqEMfw9KL._AC_SY879_.jpg",
      "id": 7
    }
  ]
}